Sex,Age group,1971 - 1972,1972 - 1973,1973 - 1974,1974 - 1975,1975 - 1976,1976 - 1977,1977 - 1978,1978 - 1979,1979 - 1980,1980 - 1981,1981 - 1982,1982 - 1983,1983 - 1984,1984 - 1985,1985 - 1986,1986 - 1987,1987 - 1988,1988 - 1989,1989 - 1990,1990 - 1991,1991 - 1992,1992 - 1993,1993 - 1994,1994 - 1995,1995 - 1996,1996 - 1997,1997 - 1998,1998 - 1999,1999 - 2000,2000 - 2001,2001 - 2002,2002 - 2003,2003 - 2004,2004 - 2005,2005 - 2006,2006 - 2007,2007 - 2008,2008 - 2009,2009 - 2010,2010 - 2011,2011 - 2012,2012 - 2013,2013 - 2014,2014 - 2015,2015 - 2016,2016 - 2017,2017 - 2018,2018 - 2019,2019 - 2020,2020 - 2021
Males,0 years,167.00,151.00,150.00,142.00,131.00,125.00,99.00,109.00,112.00,134.00,123.00,129.00,114.00,123.00,88.00,81.00,75.00,79.00,64.00,100.00,109.00,69.00,69.00,52.00,73.00,51.00,61.00,42.00,54.00,55.00,51.00,37.00,56.00,43.00,46.00,43.00,43.00,54.00,48.00,45.00,50.00,40.00,33.00,37.00,38.00,48.00,34.00,38.00,40.00,36.00
Males,1 year,56.00,42.00,52.00,46.00,38.00,39.00,42.00,39.00,42.00,38.00,38.00,34.00,37.00,39.00,34.00,36.00,29.00,35.00,27.00,35.00,29.00,33.00,40.00,24.00,34.00,26.00,27.00,17.00,23.00,12.00,20.00,18.00,23.00,17.00,12.00,16.00,18.00,20.00,18.00,23.00,24.00,21.00,16.00,13.00,22.00,16.00,16.00,13.00,16.00,13.00
Males,2 years,50.00,40.00,40.00,48.00,31.00,47.00,36.00,32.00,41.00,38.00,32.00,26.00,31.00,25.00,24.00,33.00,26.00,19.00,22.00,27.00,29.00,26.00,26.00,22.00,16.00,18.00,20.00,17.00,14.00,11.00,17.00,10.00,14.00,12.00,11.00,18.00,15.00,12.00,12.00,18.00,7.00,8.00,11.00,9.00,11.00,13.00,16.00,14.00,14.00,14.00
Males,3 years,46.00,43.00,38.00,40.00,31.00,44.00,27.00,33.00,21.00,16.00,25.00,22.00,20.00,23.00,19.00,21.00,19.00,18.00,26.00,24.00,18.00,24.00,17.00,27.00,12.00,20.00,25.00,11.00,21.00,12.00,9.00,16.00,13.00,5.00,13.00,6.00,9.00,10.00,9.00,11.00,9.00,9.00,4.00,4.00,13.00,11.00,11.00,14.00,10.00,12.00
Males,4 years,47.00,41.00,36.00,31.00,39.00,29.00,34.00,24.00,29.00,23.00,24.00,31.00,20.00,21.00,20.00,23.00,26.00,28.00,14.00,11.00,18.00,16.00,19.00,17.00,10.00,13.00,11.00,12.00,17.00,15.00,18.00,15.00,7.00,12.00,9.00,5.00,12.00,5.00,5.00,4.00,6.00,4.00,13.00,9.00,7.00,9.00,6.00,2.00,7.00,3.00
Males,5 years,38.00,35.00,38.00,31.00,30.00,23.00,18.00,29.00,29.00,23.00,12.00,18.00,17.00,7.00,24.00,12.00,14.00,15.00,12.00,11.00,26.00,9.00,16.00,18.00,3.00,10.00,5.00,10.00,12.00,13.00,5.00,7.00,6.00,7.00,9.00,4.00,8.00,5.00,6.00,9.00,7.00,6.00,3.00,7.00,1.00,4.00,4.00,6.00,3.00,4.00
Males,6 years,32.00,32.00,36.00,25.00,28.00,30.00,28.00,24.00,17.00,17.00,18.00,15.00,22.00,15.00,21.00,10.00,11.00,6.00,12.00,9.00,14.00,16.00,8.00,9.00,9.00,4.00,14.00,15.00,8.00,11.00,6.00,13.00,12.00,9.00,16.00,10.00,5.00,6.00,3.00,10.00,4.00,6.00,5.00,3.00,8.00,4.00,10.00,8.00,6.00,8.00
Males,7 years,39.00,31.00,32.00,22.00,24.00,29.00,21.00,24.00,25.00,21.00,16.00,19.00,10.00,16.00,14.00,10.00,12.00,18.00,15.00,8.00,10.00,15.00,7.00,14.00,13.00,11.00,15.00,10.00,5.00,12.00,14.00,13.00,11.00,11.00,3.00,2.00,11.00,12.00,7.00,7.00,8.00,8.00,3.00,7.00,6.00,9.00,8.00,10.00,8.00,8.00
Males,8 years,36.00,31.00,33.00,22.00,29.00,26.00,25.00,14.00,14.00,18.00,10.00,16.00,14.00,17.00,10.00,13.00,11.00,10.00,13.00,6.00,11.00,14.00,18.00,7.00,7.00,6.00,6.00,12.00,10.00,12.00,8.00,10.00,5.00,16.00,9.00,12.00,3.00,8.00,4.00,5.00,4.00,7.00,5.00,8.00,3.00,6.00,3.00,8.00,4.00,5.00
Males,9 years,26.00,31.00,33.00,26.00,21.00,20.00,23.00,18.00,18.00,19.00,15.00,13.00,15.00,22.00,12.00,16.00,16.00,16.00,8.00,12.00,11.00,9.00,16.00,20.00,16.00,16.00,6.00,18.00,17.00,11.00,10.00,11.00,8.00,9.00,6.00,5.00,6.00,4.00,9.00,8.00,2.00,5.00,6.00,6.00,10.00,5.00,7.00,6.00,5.00,6.00
Males,10 years,32.00,29.00,32.00,25.00,27.00,14.00,23.00,22.00,19.00,15.00,13.00,15.00,17.00,13.00,12.00,14.00,22.00,17.00,7.00,8.00,7.00,14.00,7.00,13.00,9.00,13.00,11.00,9.00,6.00,15.00,9.00,13.00,7.00,11.00,7.00,9.00,5.00,9.00,6.00,6.00,10.00,3.00,8.00,4.00,7.00,3.00,6.00,8.00,4.00,6.00
Males,11 years,35.00,33.00,25.00,27.00,35.00,21.00,31.00,23.00,17.00,11.00,16.00,21.00,10.00,18.00,16.00,14.00,12.00,14.00,13.00,10.00,20.00,19.00,15.00,12.00,8.00,10.00,15.00,12.00,11.00,13.00,13.00,9.00,8.00,18.00,13.00,5.00,10.00,13.00,3.00,6.00,10.00,9.00,11.00,7.00,12.00,5.00,3.00,7.00,3.00,4.00
Males,12 years,34.00,42.00,29.00,35.00,33.00,29.00,28.00,27.00,24.00,22.00,21.00,28.00,21.00,12.00,13.00,12.00,13.00,10.00,10.00,15.00,12.00,10.00,15.00,7.00,19.00,10.00,18.00,7.00,12.00,13.00,11.00,21.00,10.00,11.00,9.00,13.00,11.00,10.00,9.00,6.00,9.00,11.00,12.00,12.00,11.00,11.00,11.00,11.00,11.00,11.00
Males,13 years,45.00,37.00,37.00,47.00,32.00,33.00,47.00,36.00,33.00,33.00,29.00,24.00,19.00,16.00,14.00,25.00,15.00,23.00,16.00,22.00,16.00,13.00,19.00,17.00,13.00,19.00,16.00,9.00,16.00,20.00,17.00,15.00,13.00,16.00,15.00,12.00,12.00,18.00,10.00,9.00,7.00,10.00,8.00,14.00,8.00,11.00,12.00,6.00,11.00,8.00
Males,14 years,54.00,42.00,54.00,64.00,52.00,41.00,39.00,46.00,43.00,39.00,28.00,34.00,29.00,24.00,34.00,29.00,24.00,23.00,31.00,23.00,21.00,27.00,21.00,25.00,24.00,27.00,23.00,22.00,17.00,22.00,15.00,16.00,18.00,29.00,24.00,13.00,24.00,14.00,12.00,16.00,17.00,17.00,11.00,16.00,13.00,11.00,13.00,12.00,11.00,12.00
Males,15 years,74.00,75.00,80.00,80.00,73.00,57.00,57.00,70.00,64.00,52.00,41.00,29.00,39.00,38.00,29.00,49.00,36.00,32.00,36.00,33.00,41.00,27.00,22.00,30.00,20.00,29.00,28.00,26.00,27.00,30.00,25.00,28.00,19.00,29.00,30.00,23.00,22.00,25.00,32.00,12.00,22.00,15.00,20.00,16.00,13.00,18.00,28.00,21.00,23.00,24.00
Males,16 years,93.00,107.00,112.00,106.00,108.00,91.00,102.00,95.00,92.00,97.00,71.00,69.00,56.00,59.00,53.00,67.00,55.00,41.00,58.00,52.00,48.00,37.00,40.00,43.00,44.00,35.00,46.00,31.00,34.00,26.00,33.00,42.00,45.00,40.00,42.00,30.00,44.00,43.00,51.00,25.00,35.00,29.00,19.00,27.00,17.00,16.00,32.00,25.00,23.00,28.00
Males,17 years,117.00,127.00,147.00,130.00,132.00,110.00,114.00,132.00,120.00,108.00,99.00,100.00,56.00,71.00,61.00,48.00,64.00,71.00,66.00,47.00,47.00,53.00,59.00,57.00,41.00,43.00,56.00,37.00,56.00,44.00,53.00,57.00,50.00,54.00,51.00,53.00,49.00,36.00,52.00,50.00,46.00,47.00,22.00,30.00,36.00,32.00,28.00,35.00,28.00,30.00
Males,18 years,132.00,141.00,154.00,141.00,154.00,140.00,133.00,127.00,126.00,126.00,112.00,103.00,80.00,93.00,70.00,83.00,78.00,88.00,107.00,70.00,72.00,61.00,58.00,53.00,50.00,61.00,61.00,52.00,65.00,65.00,50.00,68.00,57.00,53.00,49.00,52.00,38.00,53.00,51.00,41.00,50.00,44.00,29.00,41.00,39.00,42.00,48.00,40.00,45.00,42.00
Males,19 years,128.00,142.00,144.00,142.00,140.00,142.00,127.00,144.00,138.00,147.00,115.00,117.00,94.00,118.00,93.00,81.00,79.00,88.00,85.00,75.00,80.00,72.00,73.00,63.00,54.00,61.00,50.00,62.00,59.00,50.00,69.00,63.00,47.00,68.00,62.00,76.00,55.00,61.00,54.00,66.00,50.00,49.00,44.00,48.00,55.00,54.00,64.00,63.00,62.00,62.00
Males,20 years,124.00,135.00,133.00,129.00,118.00,123.00,121.00,141.00,121.00,137.00,93.00,110.00,120.00,112.00,109.00,70.00,98.00,78.00,82.00,77.00,70.00,55.00,53.00,58.00,70.00,44.00,63.00,58.00,71.00,50.00,49.00,61.00,60.00,62.00,66.00,59.00,65.00,61.00,56.00,56.00,71.00,64.00,52.00,63.00,61.00,68.00,61.00,61.00,68.00,63.00
Males,21 years,108.00,116.00,110.00,110.00,113.00,121.00,108.00,108.00,118.00,123.00,81.00,108.00,109.00,110.00,104.00,92.00,83.00,94.00,71.00,81.00,76.00,60.00,54.00,75.00,65.00,53.00,43.00,44.00,46.00,34.00,62.00,49.00,65.00,68.00,55.00,78.00,53.00,55.00,51.00,42.00,69.00,53.00,50.00,48.00,63.00,59.00,58.00,64.00,60.00,62.00
Males,22 years,101.00,109.00,106.00,96.00,104.00,123.00,115.00,110.00,99.00,108.00,108.00,96.00,105.00,95.00,88.00,93.00,99.00,99.00,85.00,77.00,65.00,69.00,74.00,50.00,56.00,56.00,63.00,54.00,58.00,56.00,47.00,56.00,47.00,59.00,61.00,51.00,65.00,68.00,67.00,44.00,49.00,65.00,56.00,70.00,65.00,75.00,76.00,72.00,77.00,75.00
Males,23 years,99.00,104.00,98.00,96.00,105.00,103.00,107.00,106.00,123.00,86.00,80.00,97.00,101.00,98.00,85.00,105.00,88.00,83.00,84.00,63.00,84.00,77.00,60.00,70.00,67.00,68.00,50.00,52.00,45.00,53.00,58.00,45.00,51.00,50.00,42.00,61.00,69.00,55.00,53.00,59.00,70.00,52.00,64.00,54.00,69.00,70.00,69.00,79.00,74.00,75.00
Males,24 years,85.00,94.00,93.00,92.00,106.00,96.00,98.00,96.00,99.00,93.00,78.00,95.00,79.00,93.00,81.00,88.00,80.00,112.00,78.00,72.00,66.00,59.00,80.00,64.00,69.00,50.00,47.00,48.00,46.00,57.00,41.00,53.00,46.00,50.00,52.00,39.00,53.00,50.00,68.00,50.00,54.00,68.00,55.00,67.00,75.00,78.00,81.00,89.00,87.00,90.00
Males,25 years,83.00,81.00,98.00,87.00,93.00,87.00,109.00,76.00,94.00,87.00,84.00,100.00,90.00,86.00,80.00,87.00,102.00,109.00,80.00,90.00,91.00,76.00,72.00,66.00,60.00,52.00,46.00,55.00,59.00,62.00,52.00,51.00,56.00,50.00,61.00,57.00,62.00,60.00,50.00,52.00,49.00,53.00,63.00,55.00,79.00,67.00,75.00,92.00,76.00,90.00
Males,26 years,73.00,72.00,88.00,83.00,85.00,83.00,84.00,87.00,79.00,82.00,101.00,88.00,74.00,68.00,92.00,95.00,110.00,89.00,95.00,95.00,94.00,64.00,85.00,66.00,70.00,53.00,45.00,58.00,53.00,55.00,52.00,44.00,55.00,58.00,44.00,57.00,52.00,51.00,45.00,58.00,58.00,57.00,64.00,72.00,72.00,87.00,85.00,93.00,89.00,94.00
Males,27 years,77.00,74.00,77.00,77.00,91.00,98.00,81.00,82.00,83.00,78.00,81.00,99.00,83.00,73.00,77.00,81.00,105.00,91.00,84.00,94.00,104.00,101.00,75.00,60.00,70.00,65.00,57.00,55.00,55.00,61.00,50.00,46.00,50.00,54.00,53.00,48.00,56.00,44.00,52.00,54.00,63.00,64.00,57.00,47.00,74.00,85.00,98.00,107.00,95.00,107.00
Males,28 years,72.00,77.00,73.00,78.00,82.00,77.00,82.00,82.00,79.00,74.00,73.00,73.00,88.00,82.00,81.00,83.00,73.00,89.00,102.00,111.00,114.00,112.00,90.00,94.00,73.00,85.00,58.00,63.00,57.00,56.00,47.00,62.00,56.00,51.00,51.00,56.00,44.00,51.00,68.00,57.00,52.00,54.00,58.00,65.00,62.00,68.00,109.00,105.00,96.00,114.00
Males,29 years,63.00,75.00,69.00,75.00,73.00,86.00,80.00,70.00,81.00,61.00,91.00,72.00,62.00,110.00,73.00,90.00,77.00,89.00,101.00,92.00,104.00,120.00,132.00,93.00,92.00,63.00,82.00,63.00,60.00,62.00,51.00,79.00,61.00,64.00,56.00,64.00,58.00,55.00,56.00,55.00,67.00,87.00,73.00,64.00,80.00,89.00,96.00,100.00,102.00,108.00
Males,30 years,68.00,73.00,64.00,82.00,78.00,77.00,95.00,79.00,79.00,71.00,74.00,75.00,62.00,71.00,88.00,102.00,80.00,83.00,103.00,103.00,126.00,107.00,107.00,109.00,104.00,86.00,61.00,73.00,67.00,72.00,61.00,66.00,58.00,74.00,71.00,62.00,43.00,52.00,63.00,55.00,61.00,75.00,70.00,55.00,71.00,88.00,102.00,108.00,100.00,117.00
Males,31 years,68.00,62.00,69.00,91.00,79.00,72.00,70.00,91.00,81.00,81.00,76.00,83.00,81.00,89.00,79.00,88.00,88.00,97.00,116.00,84.00,101.00,123.00,125.00,110.00,125.00,107.00,83.00,66.00,63.00,71.00,72.00,71.00,74.00,64.00,68.00,54.00,52.00,64.00,53.00,67.00,54.00,55.00,65.00,71.00,72.00,95.00,89.00,90.00,94.00,96.00
Males,32 years,67.00,67.00,69.00,71.00,69.00,74.00,73.00,94.00,92.00,77.00,71.00,73.00,79.00,85.00,71.00,91.00,97.00,99.00,97.00,100.00,132.00,122.00,120.00,129.00,127.00,114.00,99.00,92.00,82.00,72.00,70.00,70.00,64.00,64.00,73.00,71.00,57.00,46.00,67.00,68.00,58.00,61.00,76.00,77.00,67.00,82.00,118.00,115.00,103.00,122.00
Males,33 years,73.00,78.00,75.00,78.00,92.00,75.00,73.00,74.00,78.00,93.00,77.00,75.00,67.00,97.00,88.00,112.00,117.00,86.00,122.00,108.00,107.00,127.00,137.00,137.00,120.00,110.00,98.00,95.00,86.00,78.00,71.00,70.00,76.00,66.00,69.00,65.00,49.00,78.00,66.00,56.00,55.00,71.00,55.00,69.00,70.00,80.00,102.00,114.00,96.00,113.00
Males,34 years,75.00,80.00,85.00,89.00,83.00,79.00,79.00,86.00,63.00,77.00,81.00,96.00,88.00,73.00,91.00,90.00,120.00,107.00,127.00,110.00,133.00,160.00,139.00,122.00,130.00,102.00,105.00,117.00,114.00,101.00,72.00,75.00,81.00,87.00,72.00,73.00,66.00,70.00,78.00,82.00,82.00,65.00,71.00,73.00,79.00,91.00,94.00,123.00,99.00,116.00
Males,35 years,77.00,85.00,84.00,76.00,81.00,95.00,85.00,99.00,74.00,76.00,94.00,93.00,94.00,81.00,96.00,85.00,104.00,116.00,124.00,121.00,156.00,146.00,130.00,155.00,123.00,123.00,121.00,104.00,108.00,104.00,92.00,78.00,82.00,80.00,86.00,91.00,83.00,57.00,72.00,59.00,81.00,73.00,64.00,62.00,88.00,81.00,106.00,119.00,99.00,123.00
Males,36 years,89.00,95.00,98.00,89.00,88.00,76.00,99.00,87.00,94.00,103.00,72.00,105.00,91.00,82.00,88.00,89.00,95.00,102.00,119.00,112.00,128.00,141.00,154.00,140.00,158.00,140.00,138.00,107.00,127.00,113.00,121.00,92.00,92.00,74.00,80.00,68.00,80.00,81.00,74.00,66.00,77.00,75.00,73.00,72.00,86.00,94.00,110.00,108.00,108.00,117.00
Males,37 years,108.00,103.00,109.00,99.00,93.00,90.00,93.00,94.00,97.00,80.00,76.00,69.00,102.00,102.00,116.00,139.00,114.00,120.00,115.00,147.00,129.00,163.00,147.00,154.00,156.00,145.00,156.00,122.00,125.00,145.00,112.00,101.00,130.00,115.00,95.00,76.00,93.00,80.00,82.00,66.00,74.00,85.00,70.00,78.00,75.00,85.00,123.00,113.00,109.00,128.00
Males,38 years,120.00,113.00,118.00,110.00,115.00,82.00,106.00,82.00,115.00,88.00,95.00,98.00,84.00,91.00,119.00,101.00,115.00,120.00,118.00,139.00,139.00,133.00,171.00,144.00,133.00,161.00,122.00,129.00,127.00,142.00,129.00,140.00,138.00,118.00,106.00,115.00,87.00,108.00,106.00,100.00,73.00,77.00,99.00,94.00,85.00,101.00,112.00,121.00,113.00,124.00
Males,39 years,124.00,128.00,120.00,119.00,136.00,109.00,108.00,110.00,112.00,95.00,90.00,121.00,105.00,102.00,117.00,130.00,116.00,145.00,126.00,131.00,149.00,148.00,173.00,163.00,155.00,138.00,154.00,153.00,148.00,138.00,115.00,142.00,122.00,132.00,134.00,121.00,112.00,128.00,107.00,107.00,107.00,82.00,104.00,102.00,110.00,104.00,130.00,141.00,121.00,145.00
Males,40 years,145.00,126.00,141.00,132.00,125.00,123.00,109.00,122.00,115.00,108.00,95.00,99.00,132.00,120.00,110.00,129.00,123.00,135.00,137.00,157.00,148.00,176.00,179.00,196.00,173.00,152.00,150.00,140.00,152.00,123.00,120.00,147.00,159.00,130.00,154.00,145.00,119.00,115.00,102.00,106.00,114.00,84.00,93.00,99.00,109.00,106.00,129.00,138.00,117.00,139.00
Males,41 years,159.00,140.00,172.00,145.00,138.00,120.00,151.00,125.00,132.00,121.00,120.00,116.00,105.00,113.00,115.00,138.00,116.00,143.00,166.00,165.00,152.00,151.00,173.00,171.00,186.00,177.00,155.00,155.00,163.00,128.00,166.00,184.00,175.00,167.00,152.00,146.00,136.00,116.00,141.00,106.00,141.00,119.00,104.00,95.00,122.00,127.00,121.00,129.00,121.00,126.00
Males,42 years,170.00,177.00,186.00,156.00,156.00,128.00,139.00,143.00,131.00,111.00,129.00,125.00,116.00,132.00,129.00,147.00,128.00,134.00,184.00,144.00,177.00,179.00,190.00,167.00,187.00,192.00,174.00,144.00,182.00,182.00,204.00,184.00,169.00,176.00,180.00,180.00,189.00,160.00,146.00,137.00,136.00,133.00,130.00,117.00,108.00,135.00,132.00,160.00,131.00,143.00
Males,43 years,187.00,194.00,180.00,176.00,183.00,184.00,153.00,155.00,144.00,154.00,125.00,138.00,134.00,128.00,154.00,124.00,134.00,129.00,140.00,176.00,183.00,171.00,194.00,181.00,147.00,182.00,190.00,194.00,175.00,187.00,167.00,217.00,191.00,213.00,185.00,186.00,173.00,187.00,172.00,138.00,147.00,149.00,144.00,163.00,144.00,129.00,145.00,146.00,135.00,143.00
Males,44 years,204.00,185.00,201.00,220.00,206.00,183.00,192.00,173.00,152.00,153.00,146.00,142.00,133.00,157.00,142.00,153.00,155.00,161.00,147.00,173.00,179.00,188.00,170.00,172.00,195.00,193.00,164.00,207.00,189.00,201.00,191.00,217.00,182.00,211.00,224.00,210.00,224.00,209.00,200.00,157.00,157.00,158.00,178.00,174.00,151.00,139.00,169.00,161.00,150.00,162.00
Males,45 years,242.00,205.00,227.00,242.00,211.00,221.00,210.00,208.00,184.00,164.00,179.00,154.00,137.00,142.00,142.00,139.00,148.00,169.00,149.00,172.00,179.00,205.00,221.00,215.00,206.00,187.00,169.00,173.00,213.00,182.00,199.00,241.00,204.00,223.00,219.00,183.00,227.00,226.00,214.00,199.00,182.00,175.00,171.00,189.00,157.00,185.00,156.00,185.00,158.00,168.00
Males,46 years,252.00,239.00,252.00,246.00,222.00,263.00,251.00,239.00,222.00,182.00,193.00,160.00,165.00,146.00,158.00,180.00,160.00,162.00,201.00,181.00,199.00,215.00,239.00,258.00,205.00,220.00,196.00,180.00,191.00,212.00,248.00,245.00,216.00,254.00,224.00,255.00,236.00,223.00,234.00,232.00,229.00,202.00,200.00,189.00,170.00,191.00,194.00,202.00,178.00,187.00
Males,47 years,282.00,266.00,300.00,275.00,268.00,271.00,278.00,254.00,248.00,199.00,209.00,188.00,208.00,179.00,181.00,166.00,179.00,185.00,186.00,198.00,208.00,200.00,198.00,242.00,230.00,247.00,223.00,223.00,230.00,242.00,241.00,240.00,249.00,267.00,276.00,273.00,279.00,262.00,245.00,295.00,239.00,240.00,226.00,226.00,231.00,204.00,213.00,230.00,197.00,207.00
Males,48 years,308.00,286.00,301.00,296.00,310.00,279.00,289.00,287.00,254.00,254.00,228.00,218.00,224.00,216.00,219.00,179.00,198.00,207.00,204.00,221.00,225.00,212.00,259.00,232.00,252.00,249.00,227.00,238.00,267.00,244.00,275.00,257.00,288.00,288.00,267.00,296.00,249.00,299.00,298.00,295.00,265.00,270.00,270.00,211.00,213.00,215.00,241.00,242.00,227.00,232.00
Males,49 years,335.00,298.00,314.00,317.00,335.00,314.00,324.00,315.00,302.00,296.00,242.00,249.00,214.00,235.00,264.00,243.00,187.00,222.00,209.00,221.00,233.00,220.00,238.00,272.00,233.00,261.00,249.00,257.00,279.00,287.00,293.00,314.00,298.00,278.00,316.00,330.00,319.00,321.00,328.00,291.00,291.00,310.00,289.00,265.00,265.00,244.00,244.00,266.00,241.00,256.00
Males,50 years,376.00,329.00,340.00,367.00,361.00,345.00,290.00,325.00,295.00,301.00,283.00,283.00,254.00,262.00,232.00,256.00,219.00,245.00,253.00,225.00,260.00,225.00,260.00,252.00,257.00,260.00,296.00,292.00,272.00,277.00,318.00,294.00,314.00,329.00,304.00,320.00,341.00,329.00,313.00,345.00,331.00,364.00,306.00,314.00,319.00,309.00,320.00,274.00,297.00,297.00
Males,51 years,357.00,405.00,378.00,379.00,377.00,404.00,372.00,356.00,361.00,369.00,337.00,334.00,289.00,349.00,254.00,278.00,264.00,249.00,251.00,247.00,268.00,258.00,310.00,276.00,283.00,268.00,282.00,316.00,337.00,322.00,315.00,317.00,309.00,336.00,347.00,359.00,357.00,405.00,359.00,326.00,377.00,389.00,368.00,345.00,374.00,321.00,298.00,325.00,273.00,298.00
Males,52 years,343.00,412.00,431.00,410.00,428.00,407.00,450.00,400.00,397.00,344.00,339.00,352.00,324.00,334.00,314.00,275.00,280.00,284.00,278.00,277.00,289.00,314.00,265.00,267.00,294.00,317.00,292.00,292.00,352.00,316.00,350.00,347.00,399.00,360.00,342.00,347.00,432.00,379.00,364.00,405.00,385.00,372.00,403.00,411.00,378.00,415.00,380.00,361.00,338.00,331.00
Males,53 years,358.00,384.00,421.00,464.00,459.00,474.00,481.00,442.00,449.00,395.00,384.00,362.00,401.00,377.00,339.00,349.00,310.00,327.00,321.00,299.00,282.00,304.00,312.00,285.00,321.00,344.00,322.00,335.00,346.00,395.00,356.00,397.00,349.00,361.00,379.00,382.00,429.00,442.00,420.00,448.00,413.00,431.00,424.00,425.00,410.00,411.00,460.00,415.00,392.00,378.00
Males,54 years,375.00,395.00,415.00,433.00,451.00,483.00,466.00,488.00,476.00,450.00,406.00,416.00,374.00,405.00,400.00,415.00,339.00,339.00,340.00,351.00,317.00,316.00,342.00,324.00,308.00,311.00,367.00,311.00,319.00,342.00,438.00,421.00,420.00,388.00,395.00,393.00,414.00,412.00,442.00,464.00,464.00,470.00,428.00,434.00,522.00,430.00,456.00,471.00,429.00,422.00
Males,55 years,446.00,430.00,424.00,426.00,470.00,526.00,517.00,466.00,491.00,458.00,500.00,410.00,399.00,409.00,427.00,429.00,429.00,383.00,392.00,401.00,358.00,389.00,352.00,339.00,334.00,375.00,340.00,369.00,355.00,359.00,384.00,464.00,438.00,418.00,430.00,419.00,469.00,483.00,450.00,487.00,480.00,473.00,486.00,478.00,486.00,520.00,500.00,543.00,519.00,511.00
Males,56 years,538.00,473.00,444.00,478.00,474.00,555.00,505.00,537.00,499.00,539.00,477.00,522.00,480.00,463.00,475.00,495.00,442.00,463.00,429.00,388.00,423.00,406.00,384.00,381.00,350.00,402.00,365.00,364.00,435.00,387.00,385.00,390.00,493.00,481.00,483.00,482.00,496.00,487.00,491.00,512.00,477.00,503.00,571.00,539.00,535.00,552.00,576.00,548.00,582.00,579.00
Males,57 years,563.00,517.00,523.00,532.00,510.00,528.00,617.00,520.00,564.00,497.00,551.00,559.00,533.00,526.00,510.00,528.00,465.00,463.00,443.00,438.00,439.00,415.00,408.00,409.00,397.00,392.00,411.00,430.00,441.00,454.00,431.00,406.00,417.00,516.00,471.00,495.00,511.00,562.00,494.00,489.00,512.00,546.00,552.00,577.00,556.00,584.00,567.00,596.00,592.00,608.00
Males,58 years,561.00,573.00,609.00,600.00,568.00,509.00,540.00,583.00,608.00,569.00,588.00,580.00,561.00,554.00,541.00,539.00,551.00,504.00,520.00,494.00,504.00,480.00,459.00,431.00,448.00,448.00,443.00,426.00,451.00,444.00,494.00,461.00,464.00,513.00,523.00,517.00,529.00,511.00,493.00,585.00,562.00,618.00,586.00,566.00,627.00,586.00,614.00,626.00,628.00,643.00
Males,59 years,588.00,601.00,654.00,644.00,592.00,581.00,575.00,514.00,641.00,628.00,636.00,658.00,634.00,587.00,626.00,586.00,610.00,544.00,564.00,553.00,520.00,516.00,511.00,515.00,485.00,498.00,462.00,477.00,484.00,438.00,454.00,528.00,518.00,477.00,520.00,639.00,605.00,552.00,545.00,589.00,571.00,612.00,579.00,686.00,649.00,642.00,728.00,709.00,720.00,761.00
Males,60 years,634.00,620.00,648.00,666.00,642.00,614.00,587.00,559.00,569.00,655.00,638.00,653.00,679.00,666.00,652.00,644.00,688.00,655.00,652.00,606.00,650.00,554.00,574.00,504.00,508.00,510.00,517.00,495.00,478.00,481.00,487.00,542.00,543.00,517.00,486.00,574.00,699.00,631.00,574.00,621.00,611.00,617.00,644.00,630.00,705.00,668.00,712.00,712.00,729.00,758.00
Males,61 years,661.00,661.00,667.00,687.00,662.00,697.00,654.00,646.00,598.00,647.00,654.00,667.00,737.00,684.00,694.00,672.00,680.00,711.00,693.00,671.00,663.00,678.00,643.00,629.00,576.00,551.00,509.00,512.00,543.00,565.00,539.00,545.00,544.00,571.00,548.00,551.00,563.00,654.00,685.00,656.00,589.00,677.00,733.00,652.00,775.00,739.00,844.00,814.00,843.00,882.00
Males,62 years,677.00,680.00,715.00,720.00,702.00,694.00,750.00,689.00,669.00,611.00,625.00,759.00,709.00,726.00,730.00,775.00,767.00,724.00,697.00,709.00,654.00,719.00,689.00,710.00,650.00,642.00,579.00,595.00,566.00,559.00,625.00,571.00,578.00,600.00,588.00,613.00,604.00,639.00,728.00,712.00,670.00,676.00,710.00,735.00,752.00,777.00,836.00,821.00,860.00,890.00
Males,63 years,690.00,687.00,717.00,756.00,756.00,763.00,794.00,705.00,700.00,662.00,699.00,634.00,798.00,820.00,814.00,766.00,803.00,769.00,786.00,769.00,727.00,754.00,794.00,726.00,674.00,676.00,610.00,601.00,624.00,591.00,626.00,639.00,567.00,627.00,664.00,646.00,655.00,619.00,619.00,823.00,763.00,741.00,721.00,750.00,795.00,820.00,819.00,831.00,880.00,887.00
Males,64 years,723.00,729.00,758.00,779.00,761.00,776.00,816.00,765.00,812.00,742.00,757.00,689.00,693.00,846.00,841.00,845.00,865.00,872.00,854.00,852.00,819.00,786.00,831.00,832.00,778.00,766.00,726.00,704.00,665.00,643.00,607.00,691.00,724.00,666.00,647.00,697.00,658.00,726.00,622.00,667.00,819.00,802.00,788.00,833.00,810.00,803.00,891.00,887.00,925.00,961.00
Males,65 years,747.00,770.00,751.00,775.00,772.00,836.00,878.00,798.00,817.00,881.00,836.00,751.00,749.00,758.00,868.00,872.00,904.00,871.00,890.00,849.00,859.00,908.00,845.00,873.00,805.00,889.00,830.00,744.00,675.00,695.00,660.00,700.00,690.00,711.00,598.00,660.00,658.00,704.00,770.00,727.00,702.00,878.00,839.00,876.00,872.00,895.00,910.00,966.00,970.00,1052.00
Males,66 years,784.00,790.00,733.00,799.00,817.00,837.00,862.00,905.00,842.00,881.00,856.00,839.00,818.00,771.00,779.00,968.00,940.00,915.00,947.00,921.00,956.00,920.00,918.00,894.00,897.00,878.00,842.00,803.00,809.00,797.00,760.00,781.00,756.00,714.00,637.00,689.00,679.00,703.00,765.00,781.00,756.00,776.00,1013.00,875.00,921.00,870.00,879.00,922.00,924.00,992.00
Males,67 years,817.00,783.00,798.00,811.00,806.00,839.00,915.00,873.00,886.00,877.00,895.00,930.00,883.00,828.00,826.00,847.00,958.00,986.00,977.00,971.00,930.00,986.00,961.00,961.00,986.00,942.00,932.00,919.00,876.00,833.00,788.00,784.00,775.00,739.00,748.00,716.00,753.00,800.00,748.00,803.00,797.00,758.00,822.00,957.00,958.00,955.00,921.00,990.00,974.00,1035.00
Males,68 years,814.00,814.00,838.00,837.00,838.00,862.00,899.00,913.00,907.00,971.00,927.00,997.00,945.00,960.00,880.00,878.00,812.00,1036.00,992.00,1051.00,1003.00,970.00,1051.00,1023.00,964.00,956.00,1000.00,973.00,927.00,938.00,863.00,804.00,810.00,775.00,766.00,854.00,813.00,828.00,738.00,796.00,915.00,826.00,845.00,888.00,1029.00,989.00,1113.00,1047.00,1070.00,1151.00
Males,69 years,824.00,840.00,852.00,876.00,843.00,937.00,956.00,895.00,894.00,896.00,919.00,946.00,1007.00,975.00,906.00,920.00,955.00,889.00,1003.00,1012.00,1048.00,1052.00,1098.00,1067.00,1101.00,1026.00,1087.00,1035.00,1090.00,965.00,921.00,992.00,833.00,879.00,860.00,897.00,772.00,844.00,821.00,833.00,852.00,931.00,847.00,885.00,974.00,1155.00,1092.00,1072.00,1099.00,1131.00
Males,70 years,863.00,844.00,847.00,887.00,893.00,916.00,924.00,823.00,904.00,933.00,940.00,923.00,1053.00,1091.00,1020.00,920.00,889.00,975.00,948.00,1029.00,1071.00,1110.00,1132.00,1161.00,1122.00,1124.00,1126.00,1119.00,1076.00,1018.00,1032.00,1039.00,944.00,902.00,849.00,908.00,857.00,848.00,851.00,848.00,875.00,927.00,1000.00,954.00,919.00,1045.00,1242.00,1192.00,1211.00,1222.00
Males,71 years,859.00,917.00,891.00,911.00,882.00,948.00,883.00,880.00,977.00,973.00,931.00,1027.00,978.00,1046.00,1031.00,1069.00,1120.00,949.00,903.00,932.00,1087.00,1147.00,1163.00,1123.00,1181.00,1236.00,1144.00,1200.00,1089.00,1062.00,1087.00,1090.00,1012.00,960.00,890.00,941.00,905.00,902.00,834.00,890.00,871.00,920.00,993.00,989.00,1004.00,1023.00,1128.00,1285.00,1314.00,1303.00
Males,72 years,806.00,895.00,927.00,876.00,885.00,886.00,931.00,926.00,956.00,950.00,1037.00,1059.00,1019.00,1094.00,1119.00,1108.00,1187.00,985.00,996.00,921.00,1029.00,1161.00,1236.00,1257.00,1191.00,1235.00,1241.00,1211.00,1108.00,1144.00,1121.00,1179.00,1177.00,1114.00,989.00,990.00,954.00,959.00,938.00,980.00,875.00,956.00,1015.00,992.00,1100.00,1110.00,1124.00,1068.00,1442.00,1366.00
Males,73 years,788.00,839.00,900.00,923.00,927.00,980.00,936.00,944.00,929.00,933.00,1014.00,1023.00,1010.00,1032.00,1023.00,1090.00,1136.00,1122.00,1052.00,1083.00,1000.00,1066.00,1248.00,1299.00,1244.00,1295.00,1245.00,1210.00,1245.00,1197.00,1148.00,1121.00,1203.00,1182.00,1096.00,1112.00,1083.00,1002.00,1043.00,969.00,981.00,994.00,996.00,1033.00,1065.00,1165.00,1262.00,1106.00,1337.00,1558.00
Males,74 years,839.00,810.00,887.00,931.00,897.00,897.00,946.00,954.00,950.00,972.00,885.00,1054.00,991.00,1102.00,1075.00,1081.00,1085.00,1176.00,1156.00,1073.00,1038.00,1036.00,1066.00,1283.00,1309.00,1278.00,1248.00,1366.00,1329.00,1244.00,1279.00,1287.00,1258.00,1222.00,1178.00,1112.00,1166.00,1079.00,1039.00,1043.00,1044.00,1067.00,1104.00,1091.00,1115.00,1095.00,1260.00,1249.00,1269.00,1407.00
Males,75 years,851.00,794.00,849.00,847.00,883.00,876.00,984.00,896.00,1034.00,987.00,975.00,953.00,982.00,1069.00,1061.00,1045.00,1135.00,1136.00,1162.00,1206.00,1167.00,1120.00,1111.00,1149.00,1363.00,1325.00,1303.00,1371.00,1286.00,1309.00,1267.00,1285.00,1303.00,1263.00,1215.00,1238.00,1221.00,1181.00,1065.00,1107.00,1101.00,1045.00,1116.00,1114.00,1060.00,1197.00,1270.00,1313.00,1397.00,1420.00
Males,76 years,795.00,823.00,803.00,826.00,829.00,871.00,917.00,865.00,954.00,961.00,960.00,977.00,1011.00,976.00,1045.00,1110.00,1137.00,1171.00,1157.00,1218.00,1191.00,1166.00,1104.00,1125.00,1038.00,1361.00,1363.00,1392.00,1370.00,1372.00,1362.00,1404.00,1304.00,1357.00,1230.00,1351.00,1258.00,1224.00,1241.00,1184.00,1137.00,1113.00,1049.00,1156.00,1155.00,1114.00,1340.00,1285.00,1414.00,1516.00
Males,77 years,778.00,809.00,796.00,833.00,833.00,810.00,934.00,866.00,896.00,964.00,937.00,978.00,982.00,1068.00,1034.00,1057.00,1129.00,1149.00,1114.00,1172.00,1208.00,1278.00,1157.00,1182.00,1101.00,1182.00,1445.00,1363.00,1391.00,1318.00,1377.00,1285.00,1403.00,1389.00,1398.00,1292.00,1317.00,1385.00,1321.00,1202.00,1210.00,1237.00,1243.00,1173.00,1264.00,1311.00,1255.00,1294.00,1422.00,1497.00
Males,78 years,766.00,777.00,803.00,836.00,809.00,777.00,818.00,905.00,899.00,933.00,949.00,1023.00,982.00,1004.00,1003.00,1059.00,1078.00,1093.00,1145.00,1152.00,1173.00,1197.00,1229.00,1237.00,1192.00,1193.00,1250.00,1410.00,1414.00,1427.00,1365.00,1422.00,1411.00,1348.00,1393.00,1415.00,1310.00,1424.00,1291.00,1358.00,1338.00,1277.00,1323.00,1277.00,1213.00,1319.00,1317.00,1344.00,1413.00,1500.00
Males,79 years,766.00,762.00,803.00,805.00,812.00,761.00,784.00,765.00,900.00,887.00,924.00,919.00,943.00,974.00,1021.00,970.00,1092.00,1042.00,1126.00,1095.00,1167.00,1225.00,1246.00,1264.00,1195.00,1220.00,1161.00,1283.00,1392.00,1469.00,1416.00,1411.00,1430.00,1375.00,1337.00,1456.00,1457.00,1357.00,1425.00,1435.00,1348.00,1372.00,1325.00,1453.00,1227.00,1322.00,1450.00,1435.00,1484.00,1574.00
Males,80 years,745.00,770.00,790.00,746.00,752.00,743.00,789.00,740.00,774.00,879.00,826.00,922.00,908.00,902.00,957.00,956.00,1000.00,1004.00,1058.00,1047.00,1081.00,1181.00,1179.00,1305.00,1262.00,1288.00,1204.00,1209.00,1185.00,1414.00,1338.00,1446.00,1456.00,1422.00,1381.00,1399.00,1443.00,1493.00,1376.00,1525.00,1402.00,1424.00,1380.00,1331.00,1403.00,1521.00,1377.00,1438.00,1565.00,1534.00
Males,81 years,675.00,748.00,759.00,737.00,746.00,715.00,772.00,696.00,812.00,807.00,820.00,890.00,828.00,909.00,905.00,894.00,977.00,955.00,986.00,1054.00,1049.00,1120.00,1159.00,1247.00,1310.00,1272.00,1221.00,1178.00,1144.00,1152.00,1345.00,1344.00,1475.00,1434.00,1381.00,1507.00,1499.00,1520.00,1544.00,1507.00,1420.00,1513.00,1494.00,1464.00,1438.00,1481.00,1563.00,1452.00,1638.00,1641.00
Males,82 years,663.00,721.00,693.00,764.00,738.00,717.00,641.00,700.00,707.00,693.00,733.00,832.00,764.00,831.00,886.00,866.00,962.00,916.00,942.00,986.00,1019.00,1062.00,1201.00,1133.00,1167.00,1218.00,1276.00,1162.00,1132.00,1135.00,1135.00,1414.00,1447.00,1514.00,1425.00,1466.00,1501.00,1559.00,1462.00,1462.00,1488.00,1601.00,1609.00,1572.00,1493.00,1454.00,1586.00,1598.00,1644.00,1727.00
Males,83 years,656.00,701.00,656.00,692.00,658.00,631.00,644.00,612.00,705.00,679.00,608.00,722.00,740.00,750.00,821.00,820.00,831.00,849.00,909.00,888.00,954.00,1006.00,1066.00,1088.00,1123.00,1192.00,1202.00,1308.00,1189.00,1048.00,1071.00,1090.00,1384.00,1392.00,1420.00,1466.00,1467.00,1506.00,1495.00,1556.00,1422.00,1529.00,1549.00,1638.00,1532.00,1618.00,1646.00,1613.00,1765.00,1778.00
Males,84 years,618.00,638.00,636.00,611.00,631.00,624.00,618.00,594.00,605.00,675.00,646.00,666.00,664.00,749.00,747.00,772.00,820.00,831.00,840.00,809.00,868.00,925.00,958.00,1025.00,955.00,1084.00,1107.00,1159.00,1163.00,1073.00,1142.00,1056.00,1099.00,1300.00,1366.00,1403.00,1446.00,1420.00,1435.00,1553.00,1431.00,1538.00,1593.00,1636.00,1581.00,1716.00,1691.00,1662.00,1785.00,1826.00
Males,85 years,564.00,551.00,598.00,585.00,625.00,532.00,511.00,578.00,577.00,580.00,584.00,586.00,583.00,596.00,697.00,654.00,755.00,742.00,767.00,801.00,799.00,787.00,901.00,960.00,947.00,1033.00,1030.00,1092.00,1146.00,1128.00,1054.00,1051.00,1058.00,1104.00,1335.00,1362.00,1399.00,1435.00,1383.00,1575.00,1368.00,1482.00,1562.00,1641.00,1618.00,1704.00,1719.00,1682.00,1763.00,1944.00
Males,86 years,504.00,514.00,539.00,530.00,525.00,541.00,516.00,489.00,531.00,490.00,506.00,558.00,535.00,576.00,554.00,652.00,677.00,656.00,717.00,732.00,768.00,724.00,772.00,813.00,836.00,933.00,960.00,951.00,1005.00,1023.00,1002.00,1049.00,998.00,1003.00,959.00,1312.00,1285.00,1301.00,1414.00,1434.00,1394.00,1530.00,1492.00,1614.00,1544.00,1650.00,1697.00,1645.00,1785.00,1877.00
Males,87 years,447.00,482.00,466.00,472.00,457.00,433.00,495.00,430.00,468.00,456.00,467.00,529.00,466.00,515.00,506.00,543.00,600.00,586.00,599.00,635.00,637.00,700.00,693.00,754.00,741.00,807.00,836.00,784.00,925.00,985.00,953.00,1003.00,951.00,920.00,939.00,995.00,1201.00,1245.00,1239.00,1354.00,1305.00,1331.00,1408.00,1516.00,1486.00,1555.00,1676.00,1656.00,1783.00,1939.00
Males,88 years,374.00,409.00,402.00,413.00,404.00,350.00,408.00,385.00,421.00,395.00,436.00,450.00,413.00,428.00,483.00,473.00,518.00,517.00,524.00,554.00,619.00,608.00,658.00,613.00,653.00,704.00,749.00,803.00,770.00,752.00,831.00,901.00,929.00,856.00,884.00,876.00,927.00,1158.00,1086.00,1245.00,1216.00,1271.00,1364.00,1454.00,1409.00,1573.00,1591.00,1667.00,1816.00,1961.00
Males,89 years,317.00,336.00,365.00,358.00,340.00,295.00,349.00,330.00,352.00,365.00,367.00,397.00,374.00,384.00,416.00,384.00,434.00,436.00,465.00,494.00,544.00,517.00,539.00,560.00,561.00,629.00,645.00,655.00,673.00,688.00,689.00,774.00,769.00,810.00,858.00,804.00,866.00,829.00,1018.00,1093.00,1082.00,1150.00,1208.00,1290.00,1326.00,1418.00,1456.00,1514.00,1625.00,1856.00
Males,90 years,..,..,..,..,..,..,..,..,..,..,..,..,..,..,..,..,..,..,..,..,..,..,..,..,..,..,..,..,..,..,594.00,663.00,665.00,747.00,735.00,794.00,757.00,774.00,765.00,964.00,1005.00,1129.00,1120.00,1160.00,1259.00,1272.00,1398.00,1411.00,1462.00,1729.00
Males,91 years,..,..,..,..,..,..,..,..,..,..,..,..,..,..,..,..,..,..,..,..,..,..,..,..,..,..,..,..,..,..,488.00,498.00,586.00,587.00,580.00,710.00,596.00,677.00,646.00,693.00,847.00,951.00,952.00,1117.00,1074.00,1181.00,1195.00,1230.00,1315.00,1445.00
Males,92 years,..,..,..,..,..,..,..,..,..,..,..,..,..,..,..,..,..,..,..,..,..,..,..,..,..,..,..,..,..,..,425.00,429.00,490.00,465.00,526.00,547.00,564.00,611.00,594.00,582.00,608.00,834.00,903.00,914.00,850.00,1010.00,1078.00,1080.00,1169.00,1298.00
Males,93 years,..,..,..,..,..,..,..,..,..,..,..,..,..,..,..,..,..,..,..,..,..,..,..,..,..,..,..,..,..,..,330.00,334.00,380.00,357.00,354.00,439.00,502.00,467.00,447.00,524.00,468.00,539.00,703.00,750.00,728.00,852.00,882.00,914.00,1049.00,1091.00
Males,94 years,..,..,..,..,..,..,..,..,..,..,..,..,..,..,..,..,..,..,..,..,..,..,..,..,..,..,..,..,..,..,251.00,270.00,289.00,290.00,309.00,345.00,351.00,389.00,377.00,397.00,423.00,460.00,440.00,583.00,602.00,723.00,737.00,757.00,904.00,979.00
Males,95 years,..,..,..,..,..,..,..,..,..,..,..,..,..,..,..,..,..,..,..,..,..,..,..,..,..,..,..,..,..,..,199.00,192.00,222.00,213.00,213.00,265.00,253.00,288.00,276.00,346.00,339.00,339.00,388.00,344.00,466.00,534.00,565.00,608.00,661.00,791.00
Males,96 years,..,..,..,..,..,..,..,..,..,..,..,..,..,..,..,..,..,..,..,..,..,..,..,..,..,..,..,..,..,..,139.00,136.00,162.00,168.00,155.00,209.00,194.00,203.00,210.00,272.00,260.00,260.00,255.00,256.00,262.00,407.00,478.00,441.00,475.00,577.00
Males,97 years,..,..,..,..,..,..,..,..,..,..,..,..,..,..,..,..,..,..,..,..,..,..,..,..,..,..,..,..,..,..,102.00,99.00,118.00,103.00,112.00,116.00,141.00,142.00,142.00,182.00,169.00,209.00,204.00,216.00,209.00,205.00,318.00,363.00,354.00,381.00
Males,98 years,..,..,..,..,..,..,..,..,..,..,..,..,..,..,..,..,..,..,..,..,..,..,..,..,..,..,..,..,..,..,65.00,77.00,64.00,74.00,71.00,88.00,97.00,109.00,102.00,133.00,115.00,156.00,152.00,153.00,154.00,173.00,169.00,230.00,263.00,295.00
Males,99 years,..,..,..,..,..,..,..,..,..,..,..,..,..,..,..,..,..,..,..,..,..,..,..,..,..,..,..,..,..,..,40.00,44.00,44.00,45.00,54.00,54.00,55.00,61.00,70.00,77.00,69.00,101.00,87.00,108.00,96.00,120.00,128.00,121.00,154.00,193.00
Males,100 years and over,..,..,..,..,..,..,..,..,..,..,..,..,..,..,..,..,..,..,..,..,..,..,..,..,..,..,..,..,..,..,64.00,66.00,59.00,78.00,80.00,102.00,84.00,120.00,89.00,116.00,91.00,129.00,162.00,156.00,183.00,175.00,222.00,219.00,223.00,282.00
Females,0 years,130.00,123.00,124.00,112.00,91.00,113.00,116.00,102.00,78.00,74.00,97.00,83.00,127.00,108.00,55.00,82.00,77.00,71.00,57.00,83.00,117.00,55.00,57.00,44.00,57.00,42.00,37.00,43.00,42.00,38.00,26.00,44.00,37.00,43.00,41.00,35.00,32.00,33.00,40.00,44.00,33.00,29.00,44.00,31.00,31.00,40.00,24.00,35.00,31.00,29.00
Females,1 year,47.00,49.00,48.00,37.00,30.00,37.00,37.00,40.00,34.00,32.00,31.00,22.00,35.00,31.00,41.00,31.00,42.00,30.00,30.00,19.00,18.00,26.00,11.00,22.00,17.00,26.00,17.00,23.00,26.00,17.00,16.00,12.00,18.00,11.00,9.00,13.00,12.00,8.00,11.00,10.00,11.00,17.00,12.00,6.00,12.00,14.00,15.00,13.00,14.00,13.00
Females,2 years,38.00,37.00,36.00,32.00,33.00,38.00,19.00,16.00,26.00,29.00,26.00,19.00,26.00,19.00,16.00,26.00,29.00,18.00,15.00,17.00,15.00,15.00,20.00,15.00,14.00,14.00,11.00,13.00,14.00,13.00,11.00,15.00,9.00,8.00,9.00,6.00,11.00,6.00,5.00,11.00,8.00,9.00,7.00,9.00,3.00,7.00,6.00,11.00,6.00,8.00
Females,3 years,32.00,26.00,28.00,27.00,23.00,12.00,23.00,20.00,21.00,25.00,22.00,14.00,13.00,22.00,17.00,12.00,13.00,18.00,18.00,10.00,15.00,16.00,14.00,13.00,13.00,12.00,13.00,10.00,11.00,9.00,12.00,6.00,8.00,14.00,8.00,9.00,8.00,11.00,7.00,5.00,7.00,8.00,8.00,7.00,5.00,6.00,7.00,5.00,6.00,5.00
Females,4 years,30.00,24.00,22.00,23.00,22.00,27.00,13.00,19.00,16.00,21.00,15.00,16.00,10.00,19.00,15.00,16.00,16.00,16.00,12.00,6.00,12.00,13.00,14.00,14.00,12.00,7.00,10.00,6.00,9.00,10.00,13.00,7.00,7.00,9.00,8.00,10.00,5.00,6.00,5.00,4.00,5.00,6.00,6.00,3.00,10.00,3.00,8.00,7.00,5.00,7.00
Females,5 years,23.00,24.00,21.00,19.00,21.00,25.00,23.00,9.00,11.00,18.00,14.00,19.00,14.00,9.00,9.00,7.00,17.00,10.00,13.00,13.00,18.00,12.00,14.00,16.00,7.00,9.00,11.00,7.00,11.00,9.00,9.00,8.00,4.00,8.00,7.00,4.00,5.00,3.00,4.00,6.00,5.00,7.00,8.00,6.00,6.00,5.00,10.00,12.00,7.00,10.00
Females,6 years,21.00,23.00,21.00,15.00,21.00,16.00,14.00,15.00,14.00,8.00,12.00,10.00,14.00,11.00,6.00,16.00,10.00,11.00,12.00,10.00,12.00,13.00,12.00,7.00,13.00,10.00,11.00,5.00,7.00,8.00,7.00,9.00,7.00,6.00,4.00,9.00,6.00,4.00,5.00,3.00,1.00,2.00,4.00,5.00,4.00,5.00,6.00,5.00,5.00,5.00
Females,7 years,22.00,22.00,24.00,12.00,13.00,12.00,18.00,16.00,14.00,18.00,8.00,8.00,12.00,8.00,8.00,9.00,13.00,6.00,5.00,12.00,10.00,10.00,11.00,7.00,9.00,11.00,8.00,10.00,6.00,5.00,4.00,5.00,3.00,4.00,6.00,5.00,7.00,6.00,8.00,7.00,6.00,7.00,5.00,8.00,5.00,4.00,2.00,4.00,2.00,2.00
Females,8 years,22.00,27.00,20.00,13.00,15.00,13.00,11.00,16.00,16.00,8.00,8.00,5.00,8.00,12.00,8.00,11.00,5.00,10.00,13.00,12.00,8.00,7.00,10.00,10.00,11.00,7.00,11.00,7.00,6.00,10.00,11.00,5.00,5.00,7.00,3.00,7.00,7.00,5.00,8.00,3.00,5.00,2.00,2.00,8.00,3.00,2.00,7.00,1.00,4.00,3.00
Females,9 years,22.00,26.00,14.00,18.00,20.00,13.00,11.00,8.00,12.00,11.00,16.00,10.00,11.00,11.00,12.00,5.00,9.00,11.00,8.00,5.00,6.00,11.00,13.00,11.00,10.00,3.00,5.00,9.00,9.00,7.00,6.00,2.00,7.00,5.00,7.00,2.00,8.00,8.00,5.00,6.00,3.00,9.00,1.00,7.00,9.00,7.00,3.00,4.00,4.00,3.00
Females,10 years,24.00,25.00,14.00,19.00,21.00,7.00,7.00,10.00,11.00,9.00,11.00,7.00,8.00,15.00,14.00,4.00,7.00,15.00,5.00,12.00,9.00,5.00,7.00,7.00,12.00,8.00,6.00,15.00,8.00,6.00,10.00,8.00,4.00,4.00,3.00,5.00,4.00,4.00,4.00,8.00,7.00,6.00,8.00,3.00,4.00,5.00,5.00,10.00,4.00,7.00
Females,11 years,21.00,18.00,16.00,21.00,16.00,22.00,20.00,10.00,20.00,11.00,9.00,11.00,3.00,14.00,13.00,10.00,10.00,9.00,9.00,9.00,11.00,9.00,8.00,15.00,6.00,11.00,9.00,4.00,7.00,14.00,2.00,5.00,8.00,5.00,8.00,8.00,2.00,5.00,4.00,4.00,6.00,9.00,10.00,11.00,6.00,9.00,11.00,1.00,10.00,5.00
Females,12 years,20.00,16.00,16.00,21.00,21.00,16.00,24.00,13.00,8.00,13.00,12.00,12.00,9.00,8.00,12.00,8.00,16.00,8.00,5.00,14.00,7.00,11.00,15.00,16.00,12.00,8.00,9.00,10.00,9.00,11.00,8.00,10.00,8.00,9.00,7.00,5.00,5.00,1.00,10.00,8.00,6.00,10.00,5.00,9.00,8.00,13.00,8.00,5.00,10.00,6.00
Females,13 years,22.00,19.00,21.00,21.00,21.00,11.00,29.00,24.00,20.00,17.00,17.00,14.00,24.00,11.00,15.00,8.00,12.00,15.00,17.00,12.00,10.00,12.00,11.00,16.00,10.00,8.00,21.00,5.00,6.00,11.00,10.00,15.00,11.00,13.00,6.00,13.00,7.00,9.00,12.00,5.00,10.00,9.00,6.00,8.00,9.00,11.00,9.00,7.00,9.00,7.00
Females,14 years,27.00,25.00,31.00,24.00,24.00,19.00,33.00,23.00,23.00,26.00,16.00,23.00,13.00,19.00,23.00,12.00,11.00,7.00,9.00,19.00,11.00,14.00,21.00,11.00,14.00,16.00,17.00,12.00,12.00,13.00,15.00,9.00,12.00,14.00,14.00,21.00,12.00,9.00,11.00,11.00,7.00,16.00,10.00,15.00,10.00,7.00,9.00,9.00,7.00,8.00
Females,15 years,36.00,31.00,37.00,30.00,28.00,32.00,17.00,37.00,39.00,29.00,14.00,21.00,20.00,19.00,23.00,21.00,15.00,22.00,14.00,25.00,18.00,18.00,14.00,16.00,18.00,12.00,23.00,16.00,12.00,19.00,19.00,19.00,15.00,18.00,18.00,16.00,18.00,15.00,15.00,14.00,11.00,10.00,20.00,9.00,8.00,11.00,9.00,8.00,9.00,8.00
Females,16 years,41.00,32.00,43.00,37.00,40.00,33.00,38.00,39.00,44.00,34.00,31.00,22.00,18.00,23.00,21.00,25.00,19.00,26.00,19.00,15.00,22.00,25.00,14.00,18.00,23.00,12.00,23.00,14.00,15.00,21.00,23.00,27.00,21.00,11.00,19.00,16.00,16.00,12.00,14.00,20.00,15.00,17.00,7.00,13.00,12.00,13.00,13.00,16.00,12.00,14.00
Females,17 years,41.00,39.00,45.00,31.00,35.00,36.00,34.00,38.00,36.00,37.00,23.00,26.00,18.00,26.00,32.00,19.00,26.00,36.00,31.00,20.00,24.00,27.00,16.00,20.00,23.00,21.00,11.00,26.00,27.00,15.00,15.00,9.00,28.00,15.00,19.00,19.00,26.00,20.00,19.00,17.00,19.00,17.00,11.00,12.00,18.00,14.00,19.00,18.00,16.00,17.00
Females,18 years,39.00,40.00,45.00,32.00,29.00,42.00,32.00,38.00,42.00,35.00,31.00,32.00,29.00,21.00,37.00,18.00,25.00,22.00,22.00,16.00,22.00,28.00,20.00,28.00,21.00,17.00,11.00,16.00,20.00,15.00,19.00,16.00,19.00,17.00,23.00,13.00,26.00,13.00,22.00,25.00,22.00,14.00,12.00,23.00,22.00,21.00,32.00,27.00,26.00,28.00
Females,19 years,33.00,33.00,51.00,41.00,41.00,34.00,35.00,36.00,32.00,36.00,30.00,29.00,31.00,32.00,36.00,30.00,27.00,24.00,25.00,22.00,16.00,21.00,28.00,15.00,18.00,23.00,20.00,19.00,24.00,28.00,25.00,26.00,20.00,14.00,34.00,22.00,34.00,23.00,15.00,24.00,19.00,25.00,21.00,19.00,23.00,23.00,23.00,19.00,23.00,20.00
Females,20 years,39.00,34.00,50.00,34.00,39.00,28.00,37.00,44.00,36.00,37.00,42.00,37.00,37.00,36.00,26.00,15.00,29.00,29.00,28.00,23.00,21.00,27.00,22.00,21.00,13.00,17.00,13.00,15.00,23.00,15.00,24.00,24.00,21.00,21.00,19.00,25.00,16.00,19.00,25.00,19.00,18.00,26.00,16.00,25.00,29.00,18.00,25.00,28.00,21.00,28.00
Females,21 years,36.00,34.00,42.00,35.00,35.00,36.00,43.00,23.00,35.00,34.00,22.00,19.00,36.00,43.00,25.00,24.00,26.00,27.00,24.00,29.00,27.00,27.00,26.00,23.00,21.00,13.00,12.00,10.00,20.00,23.00,21.00,24.00,32.00,31.00,17.00,20.00,19.00,27.00,16.00,21.00,19.00,24.00,20.00,24.00,23.00,26.00,34.00,17.00,30.00,26.00
Females,22 years,29.00,31.00,37.00,35.00,32.00,36.00,27.00,41.00,28.00,46.00,24.00,24.00,29.00,30.00,24.00,29.00,30.00,27.00,30.00,27.00,26.00,21.00,28.00,21.00,33.00,28.00,22.00,21.00,24.00,20.00,16.00,15.00,23.00,18.00,25.00,20.00,20.00,20.00,18.00,14.00,28.00,30.00,22.00,23.00,22.00,25.00,32.00,29.00,28.00,30.00
Females,23 years,32.00,32.00,33.00,34.00,36.00,28.00,35.00,42.00,34.00,38.00,32.00,28.00,35.00,24.00,38.00,44.00,26.00,37.00,31.00,19.00,25.00,25.00,22.00,23.00,21.00,22.00,13.00,22.00,18.00,20.00,14.00,19.00,22.00,14.00,22.00,23.00,18.00,17.00,18.00,23.00,27.00,24.00,26.00,23.00,24.00,29.00,31.00,40.00,31.00,35.00
Females,24 years,34.00,40.00,31.00,40.00,40.00,42.00,27.00,38.00,29.00,38.00,33.00,27.00,22.00,37.00,39.00,31.00,32.00,30.00,32.00,26.00,26.00,20.00,27.00,20.00,25.00,21.00,16.00,28.00,19.00,22.00,24.00,23.00,20.00,28.00,17.00,22.00,15.00,17.00,24.00,19.00,25.00,20.00,29.00,28.00,27.00,32.00,42.00,20.00,39.00,33.00
Females,25 years,28.00,42.00,36.00,40.00,37.00,25.00,31.00,27.00,34.00,32.00,36.00,36.00,34.00,32.00,32.00,29.00,35.00,48.00,36.00,33.00,33.00,28.00,25.00,21.00,24.00,17.00,22.00,26.00,25.00,34.00,17.00,19.00,22.00,18.00,20.00,23.00,35.00,17.00,24.00,16.00,26.00,29.00,31.00,33.00,30.00,24.00,49.00,36.00,38.00,45.00
Females,26 years,25.00,34.00,39.00,44.00,34.00,44.00,27.00,37.00,33.00,26.00,34.00,37.00,37.00,24.00,34.00,33.00,39.00,42.00,34.00,40.00,38.00,29.00,30.00,31.00,29.00,21.00,24.00,23.00,24.00,21.00,18.00,23.00,27.00,19.00,27.00,19.00,22.00,30.00,31.00,31.00,25.00,23.00,28.00,37.00,34.00,31.00,38.00,32.00,35.00,36.00
Females,27 years,34.00,32.00,34.00,46.00,35.00,43.00,33.00,37.00,30.00,32.00,34.00,37.00,30.00,38.00,36.00,24.00,36.00,31.00,28.00,43.00,42.00,32.00,22.00,35.00,33.00,29.00,29.00,24.00,15.00,28.00,18.00,27.00,24.00,22.00,26.00,24.00,27.00,21.00,26.00,23.00,21.00,34.00,33.00,29.00,22.00,28.00,39.00,54.00,35.00,48.00
Females,28 years,37.00,32.00,36.00,35.00,39.00,36.00,38.00,37.00,36.00,40.00,30.00,29.00,27.00,42.00,24.00,33.00,37.00,28.00,40.00,46.00,35.00,36.00,40.00,37.00,30.00,39.00,25.00,20.00,24.00,25.00,34.00,27.00,27.00,17.00,24.00,23.00,31.00,24.00,31.00,26.00,27.00,22.00,43.00,28.00,31.00,38.00,35.00,36.00,39.00,37.00
Females,29 years,39.00,34.00,40.00,40.00,47.00,45.00,43.00,46.00,39.00,27.00,35.00,32.00,30.00,40.00,37.00,31.00,45.00,38.00,46.00,45.00,44.00,34.00,46.00,49.00,34.00,36.00,26.00,33.00,32.00,36.00,24.00,32.00,26.00,26.00,30.00,28.00,27.00,20.00,46.00,23.00,36.00,19.00,34.00,43.00,43.00,33.00,46.00,52.00,43.00,53.00
Females,30 years,41.00,32.00,47.00,41.00,35.00,30.00,46.00,37.00,35.00,36.00,36.00,46.00,37.00,30.00,38.00,36.00,36.00,44.00,41.00,53.00,34.00,49.00,44.00,43.00,30.00,38.00,32.00,39.00,28.00,33.00,39.00,29.00,32.00,18.00,33.00,23.00,31.00,27.00,30.00,26.00,34.00,32.00,26.00,38.00,33.00,48.00,38.00,48.00,45.00,47.00
Females,31 years,46.00,30.00,40.00,42.00,36.00,45.00,33.00,61.00,42.00,24.00,35.00,37.00,36.00,33.00,45.00,33.00,34.00,47.00,50.00,43.00,47.00,43.00,48.00,49.00,58.00,35.00,40.00,38.00,23.00,30.00,53.00,36.00,30.00,37.00,30.00,33.00,30.00,35.00,28.00,35.00,27.00,41.00,38.00,39.00,50.00,44.00,50.00,54.00,47.00,54.00
Females,32 years,48.00,35.00,38.00,52.00,39.00,39.00,39.00,42.00,47.00,41.00,50.00,34.00,48.00,44.00,35.00,52.00,37.00,52.00,42.00,50.00,49.00,38.00,46.00,48.00,54.00,51.00,39.00,26.00,41.00,40.00,35.00,30.00,37.00,30.00,45.00,42.00,50.00,38.00,29.00,42.00,41.00,35.00,26.00,46.00,42.00,51.00,51.00,65.00,52.00,59.00
Females,33 years,41.00,39.00,42.00,51.00,40.00,41.00,30.00,38.00,55.00,56.00,39.00,44.00,42.00,46.00,40.00,49.00,43.00,61.00,56.00,58.00,39.00,50.00,49.00,46.00,48.00,50.00,42.00,47.00,42.00,36.00,37.00,45.00,42.00,37.00,35.00,39.00,25.00,37.00,36.00,25.00,47.00,40.00,41.00,43.00,49.00,43.00,40.00,55.00,43.00,48.00
Females,34 years,40.00,43.00,52.00,47.00,43.00,44.00,40.00,39.00,54.00,49.00,46.00,49.00,39.00,49.00,64.00,62.00,51.00,48.00,45.00,55.00,54.00,52.00,59.00,62.00,49.00,55.00,46.00,51.00,47.00,58.00,38.00,44.00,59.00,46.00,41.00,42.00,41.00,43.00,50.00,34.00,39.00,53.00,33.00,43.00,44.00,46.00,66.00,51.00,58.00,60.00
Females,35 years,43.00,55.00,50.00,51.00,51.00,50.00,51.00,39.00,60.00,38.00,51.00,68.00,54.00,56.00,43.00,34.00,53.00,47.00,56.00,61.00,68.00,57.00,57.00,61.00,54.00,65.00,51.00,62.00,69.00,62.00,59.00,45.00,65.00,45.00,49.00,41.00,33.00,45.00,46.00,48.00,45.00,39.00,53.00,42.00,46.00,64.00,55.00,55.00,60.00,57.00
Females,36 years,50.00,59.00,47.00,57.00,58.00,34.00,52.00,57.00,61.00,58.00,51.00,44.00,66.00,61.00,48.00,60.00,53.00,62.00,58.00,42.00,64.00,53.00,61.00,60.00,71.00,69.00,51.00,71.00,64.00,72.00,67.00,61.00,57.00,50.00,62.00,63.00,50.00,55.00,55.00,42.00,52.00,47.00,45.00,45.00,56.00,46.00,66.00,59.00,57.00,64.00
Females,37 years,59.00,56.00,55.00,54.00,52.00,55.00,66.00,40.00,51.00,47.00,52.00,53.00,61.00,66.00,48.00,47.00,71.00,60.00,65.00,74.00,68.00,84.00,82.00,63.00,70.00,80.00,56.00,63.00,88.00,83.00,64.00,79.00,59.00,49.00,67.00,47.00,49.00,56.00,50.00,52.00,40.00,57.00,49.00,45.00,53.00,40.00,56.00,62.00,48.00,60.00
Females,38 years,71.00,63.00,63.00,57.00,58.00,55.00,53.00,53.00,66.00,59.00,72.00,57.00,60.00,64.00,66.00,64.00,67.00,69.00,64.00,66.00,64.00,75.00,62.00,62.00,83.00,72.00,73.00,71.00,57.00,69.00,84.00,78.00,78.00,72.00,62.00,64.00,66.00,86.00,59.00,58.00,58.00,51.00,46.00,71.00,62.00,60.00,66.00,66.00,64.00,67.00
Females,39 years,80.00,70.00,66.00,69.00,69.00,67.00,61.00,63.00,52.00,62.00,77.00,69.00,76.00,57.00,63.00,77.00,65.00,72.00,76.00,83.00,71.00,81.00,89.00,91.00,81.00,80.00,84.00,94.00,104.00,87.00,79.00,88.00,84.00,81.00,68.00,67.00,75.00,65.00,83.00,63.00,51.00,51.00,47.00,64.00,54.00,57.00,55.00,89.00,57.00,74.00
Females,40 years,86.00,78.00,73.00,76.00,69.00,73.00,67.00,54.00,51.00,82.00,68.00,70.00,76.00,67.00,61.00,68.00,85.00,88.00,75.00,90.00,91.00,73.00,92.00,84.00,95.00,97.00,97.00,95.00,100.00,88.00,98.00,91.00,94.00,82.00,91.00,70.00,54.00,79.00,61.00,79.00,68.00,70.00,80.00,76.00,61.00,75.00,70.00,71.00,72.00,72.00
Females,41 years,89.00,99.00,83.00,81.00,76.00,78.00,66.00,74.00,78.00,71.00,86.00,61.00,76.00,69.00,73.00,79.00,76.00,90.00,86.00,84.00,95.00,77.00,108.00,90.00,99.00,86.00,85.00,85.00,98.00,91.00,97.00,106.00,105.00,105.00,103.00,99.00,93.00,92.00,86.00,79.00,76.00,81.00,76.00,73.00,77.00,74.00,77.00,76.00,73.00,77.00
Females,42 years,100.00,96.00,87.00,95.00,87.00,76.00,110.00,68.00,84.00,72.00,88.00,74.00,90.00,66.00,87.00,88.00,85.00,68.00,102.00,93.00,90.00,103.00,100.00,101.00,106.00,108.00,90.00,101.00,110.00,109.00,113.00,111.00,126.00,112.00,86.00,120.00,100.00,115.00,94.00,88.00,87.00,86.00,85.00,90.00,89.00,95.00,86.00,92.00,88.00,87.00
Females,43 years,111.00,91.00,95.00,106.00,100.00,105.00,92.00,90.00,81.00,89.00,77.00,75.00,72.00,85.00,86.00,111.00,106.00,82.00,89.00,115.00,106.00,111.00,95.00,101.00,87.00,109.00,109.00,113.00,106.00,112.00,132.00,117.00,110.00,131.00,122.00,112.00,135.00,109.00,99.00,102.00,96.00,105.00,75.00,97.00,85.00,90.00,91.00,98.00,89.00,92.00
Females,44 years,112.00,111.00,117.00,122.00,114.00,99.00,108.00,91.00,110.00,105.00,82.00,90.00,85.00,93.00,100.00,63.00,101.00,112.00,96.00,95.00,116.00,98.00,100.00,121.00,128.00,133.00,108.00,129.00,130.00,114.00,118.00,150.00,116.00,126.00,121.00,134.00,109.00,143.00,124.00,124.00,104.00,98.00,112.00,106.00,105.00,99.00,101.00,93.00,98.00,96.00
Females,45 years,127.00,133.00,137.00,134.00,124.00,121.00,112.00,96.00,109.00,104.00,92.00,88.00,95.00,93.00,93.00,93.00,97.00,107.00,107.00,85.00,94.00,134.00,114.00,136.00,118.00,115.00,128.00,109.00,139.00,139.00,116.00,140.00,140.00,139.00,164.00,136.00,179.00,140.00,156.00,141.00,120.00,107.00,124.00,110.00,111.00,117.00,103.00,105.00,103.00,105.00
Females,46 years,142.00,134.00,133.00,135.00,133.00,139.00,145.00,106.00,105.00,115.00,105.00,106.00,97.00,113.00,105.00,96.00,117.00,132.00,117.00,132.00,101.00,144.00,160.00,137.00,150.00,126.00,155.00,129.00,146.00,167.00,147.00,163.00,169.00,177.00,147.00,153.00,180.00,162.00,160.00,179.00,142.00,148.00,126.00,144.00,116.00,115.00,147.00,106.00,121.00,122.00
Females,47 years,161.00,139.00,145.00,149.00,158.00,137.00,136.00,126.00,148.00,118.00,121.00,115.00,122.00,103.00,115.00,97.00,133.00,130.00,116.00,112.00,124.00,118.00,125.00,178.00,145.00,142.00,148.00,145.00,130.00,137.00,157.00,127.00,173.00,163.00,153.00,188.00,172.00,181.00,174.00,181.00,157.00,144.00,146.00,136.00,115.00,150.00,111.00,129.00,124.00,113.00
Females,48 years,180.00,163.00,175.00,172.00,172.00,172.00,137.00,161.00,144.00,129.00,143.00,122.00,117.00,138.00,139.00,128.00,126.00,124.00,129.00,124.00,135.00,137.00,130.00,163.00,185.00,143.00,143.00,167.00,139.00,170.00,168.00,157.00,166.00,170.00,173.00,172.00,185.00,169.00,205.00,174.00,161.00,193.00,164.00,176.00,143.00,157.00,174.00,157.00,163.00,161.00
Females,49 years,188.00,170.00,193.00,178.00,184.00,153.00,155.00,154.00,167.00,158.00,145.00,146.00,141.00,153.00,140.00,130.00,175.00,123.00,136.00,142.00,156.00,161.00,146.00,147.00,158.00,192.00,194.00,180.00,189.00,156.00,194.00,200.00,209.00,197.00,197.00,237.00,209.00,219.00,198.00,203.00,222.00,212.00,198.00,193.00,161.00,160.00,170.00,137.00,162.00,155.00
Females,50 years,199.00,181.00,191.00,195.00,189.00,182.00,169.00,181.00,180.00,165.00,142.00,179.00,149.00,119.00,150.00,169.00,157.00,133.00,153.00,138.00,148.00,148.00,158.00,167.00,162.00,151.00,225.00,178.00,208.00,196.00,169.00,196.00,203.00,196.00,221.00,229.00,223.00,215.00,204.00,228.00,191.00,213.00,200.00,232.00,245.00,171.00,179.00,192.00,167.00,187.00
Females,51 years,190.00,211.00,189.00,217.00,204.00,217.00,211.00,200.00,183.00,190.00,201.00,172.00,166.00,170.00,162.00,157.00,155.00,145.00,154.00,131.00,159.00,173.00,170.00,194.00,170.00,157.00,185.00,210.00,233.00,238.00,176.00,216.00,207.00,244.00,203.00,225.00,224.00,250.00,225.00,263.00,263.00,220.00,215.00,227.00,240.00,210.00,213.00,183.00,190.00,192.00
Females,52 years,170.00,208.00,223.00,223.00,240.00,207.00,238.00,220.00,209.00,206.00,192.00,207.00,176.00,192.00,171.00,165.00,164.00,179.00,162.00,146.00,193.00,170.00,184.00,174.00,209.00,183.00,172.00,194.00,213.00,208.00,210.00,206.00,235.00,215.00,249.00,254.00,240.00,218.00,260.00,254.00,229.00,257.00,229.00,267.00,265.00,249.00,251.00,211.00,217.00,210.00
Females,53 years,188.00,202.00,228.00,231.00,231.00,233.00,236.00,220.00,210.00,198.00,225.00,225.00,221.00,188.00,188.00,199.00,185.00,206.00,211.00,179.00,170.00,183.00,179.00,183.00,213.00,211.00,203.00,226.00,225.00,267.00,233.00,234.00,237.00,280.00,273.00,240.00,250.00,240.00,268.00,282.00,279.00,250.00,279.00,278.00,280.00,316.00,290.00,280.00,273.00,251.00
Females,54 years,204.00,216.00,210.00,244.00,238.00,226.00,250.00,242.00,225.00,224.00,251.00,212.00,195.00,225.00,207.00,215.00,220.00,183.00,186.00,202.00,201.00,203.00,229.00,214.00,204.00,227.00,212.00,199.00,229.00,250.00,264.00,261.00,281.00,254.00,274.00,251.00,300.00,267.00,277.00,284.00,277.00,285.00,327.00,302.00,315.00,295.00,307.00,315.00,292.00,285.00
Females,55 years,224.00,231.00,222.00,246.00,239.00,266.00,278.00,267.00,272.00,245.00,289.00,249.00,252.00,235.00,227.00,223.00,221.00,201.00,235.00,240.00,241.00,185.00,211.00,220.00,194.00,242.00,228.00,248.00,257.00,244.00,252.00,312.00,254.00,303.00,288.00,272.00,248.00,306.00,315.00,291.00,299.00,312.00,352.00,336.00,326.00,313.00,302.00,342.00,308.00,318.00
Females,56 years,255.00,250.00,253.00,245.00,233.00,286.00,271.00,267.00,290.00,319.00,269.00,268.00,267.00,262.00,236.00,251.00,274.00,245.00,250.00,242.00,233.00,243.00,240.00,260.00,265.00,232.00,223.00,258.00,291.00,229.00,253.00,275.00,294.00,299.00,278.00,300.00,299.00,313.00,314.00,354.00,330.00,337.00,331.00,368.00,355.00,352.00,382.00,332.00,373.00,365.00
Females,57 years,282.00,289.00,289.00,259.00,254.00,261.00,314.00,309.00,296.00,298.00,300.00,321.00,312.00,315.00,255.00,250.00,297.00,286.00,250.00,242.00,247.00,256.00,236.00,241.00,248.00,289.00,232.00,250.00,250.00,279.00,254.00,266.00,282.00,334.00,304.00,308.00,318.00,350.00,298.00,308.00,339.00,356.00,371.00,394.00,384.00,363.00,383.00,400.00,379.00,404.00
Females,58 years,303.00,322.00,306.00,294.00,283.00,293.00,319.00,329.00,308.00,305.00,359.00,308.00,342.00,317.00,319.00,282.00,310.00,297.00,275.00,296.00,286.00,282.00,277.00,256.00,264.00,268.00,248.00,281.00,298.00,263.00,298.00,335.00,308.00,278.00,355.00,327.00,341.00,340.00,354.00,352.00,364.00,386.00,373.00,375.00,407.00,410.00,426.00,404.00,437.00,429.00
Females,59 years,306.00,322.00,301.00,335.00,313.00,261.00,312.00,305.00,371.00,339.00,346.00,365.00,360.00,355.00,353.00,313.00,323.00,302.00,292.00,292.00,341.00,325.00,256.00,278.00,311.00,302.00,293.00,272.00,263.00,290.00,289.00,331.00,334.00,325.00,308.00,417.00,382.00,343.00,377.00,363.00,358.00,375.00,410.00,396.00,412.00,400.00,457.00,404.00,447.00,459.00
Females,60 years,316.00,324.00,306.00,351.00,341.00,310.00,318.00,295.00,319.00,392.00,369.00,331.00,385.00,373.00,373.00,376.00,369.00,356.00,306.00,356.00,324.00,333.00,341.00,324.00,310.00,321.00,308.00,340.00,307.00,322.00,318.00,351.00,351.00,361.00,365.00,362.00,410.00,382.00,384.00,370.00,398.00,389.00,393.00,457.00,468.00,460.00,468.00,451.00,480.00,488.00
Females,61 years,313.00,341.00,333.00,364.00,337.00,333.00,327.00,365.00,347.00,336.00,385.00,395.00,379.00,407.00,393.00,423.00,417.00,387.00,365.00,342.00,356.00,391.00,357.00,373.00,342.00,335.00,316.00,317.00,346.00,309.00,311.00,367.00,369.00,402.00,408.00,381.00,354.00,439.00,430.00,389.00,411.00,449.00,475.00,442.00,475.00,468.00,471.00,462.00,486.00,490.00
Females,62 years,320.00,351.00,369.00,349.00,336.00,393.00,398.00,381.00,386.00,368.00,360.00,418.00,398.00,411.00,474.00,425.00,448.00,415.00,394.00,377.00,395.00,384.00,416.00,377.00,398.00,406.00,360.00,355.00,345.00,351.00,369.00,380.00,366.00,357.00,368.00,402.00,384.00,421.00,446.00,469.00,454.00,438.00,431.00,470.00,469.00,511.00,540.00,507.00,549.00,549.00
Females,63 years,358.00,352.00,393.00,363.00,378.00,384.00,408.00,448.00,368.00,380.00,392.00,375.00,426.00,467.00,460.00,457.00,471.00,424.00,472.00,462.00,442.00,437.00,446.00,432.00,442.00,398.00,422.00,382.00,401.00,369.00,381.00,361.00,408.00,368.00,421.00,431.00,417.00,371.00,451.00,526.00,490.00,451.00,455.00,510.00,524.00,488.00,561.00,550.00,552.00,588.00
Females,64 years,390.00,368.00,432.00,408.00,399.00,362.00,418.00,464.00,459.00,446.00,417.00,370.00,398.00,486.00,494.00,495.00,509.00,501.00,495.00,516.00,513.00,499.00,476.00,494.00,452.00,436.00,452.00,405.00,437.00,425.00,367.00,444.00,481.00,437.00,429.00,457.00,443.00,458.00,432.00,492.00,527.00,516.00,518.00,567.00,547.00,589.00,617.00,528.00,653.00,613.00
Females,65 years,399.00,397.00,428.00,437.00,429.00,430.00,458.00,490.00,431.00,468.00,437.00,471.00,415.00,434.00,516.00,503.00,560.00,499.00,520.00,514.00,555.00,508.00,549.00,487.00,492.00,473.00,445.00,489.00,485.00,443.00,474.00,468.00,453.00,444.00,449.00,443.00,463.00,507.00,469.00,512.00,507.00,626.00,582.00,541.00,547.00,569.00,629.00,642.00,645.00,670.00
Females,66 years,409.00,425.00,408.00,468.00,447.00,426.00,464.00,461.00,473.00,493.00,500.00,510.00,537.00,436.00,501.00,592.00,549.00,582.00,630.00,566.00,566.00,521.00,560.00,563.00,478.00,552.00,538.00,516.00,543.00,475.00,505.00,495.00,477.00,480.00,488.00,470.00,480.00,495.00,514.00,520.00,489.00,517.00,670.00,578.00,604.00,622.00,649.00,628.00,671.00,669.00
Females,67 years,432.00,427.00,460.00,463.00,485.00,499.00,540.00,468.00,508.00,517.00,569.00,546.00,521.00,536.00,524.00,463.00,605.00,576.00,588.00,606.00,633.00,564.00,590.00,609.00,583.00,554.00,596.00,509.00,570.00,535.00,520.00,535.00,520.00,523.00,491.00,506.00,498.00,518.00,520.00,588.00,546.00,552.00,526.00,710.00,733.00,675.00,636.00,648.00,676.00,660.00
Females,68 years,472.00,437.00,488.00,481.00,534.00,503.00,526.00,480.00,554.00,504.00,572.00,593.00,584.00,577.00,599.00,531.00,481.00,621.00,677.00,629.00,677.00,660.00,689.00,674.00,631.00,615.00,606.00,609.00,631.00,541.00,613.00,551.00,565.00,535.00,513.00,543.00,553.00,530.00,553.00,561.00,537.00,616.00,536.00,663.00,762.00,693.00,716.00,688.00,709.00,704.00
Females,69 years,483.00,499.00,487.00,528.00,526.00,559.00,577.00,467.00,546.00,581.00,589.00,617.00,593.00,656.00,591.00,607.00,621.00,578.00,668.00,712.00,724.00,696.00,749.00,762.00,697.00,687.00,672.00,669.00,666.00,682.00,655.00,649.00,591.00,593.00,566.00,580.00,596.00,596.00,549.00,587.00,598.00,684.00,651.00,620.00,690.00,845.00,838.00,799.00,826.00,800.00
Females,70 years,500.00,541.00,509.00,543.00,566.00,522.00,552.00,552.00,583.00,569.00,640.00,582.00,625.00,684.00,674.00,638.00,622.00,591.00,660.00,720.00,759.00,775.00,762.00,791.00,795.00,769.00,767.00,688.00,697.00,719.00,710.00,641.00,672.00,658.00,630.00,649.00,621.00,582.00,620.00,640.00,617.00,658.00,690.00,706.00,674.00,726.00,916.00,886.00,870.00,860.00
Females,71 years,552.00,589.00,543.00,560.00,586.00,572.00,576.00,597.00,611.00,628.00,657.00,681.00,647.00,744.00,674.00,699.00,656.00,672.00,670.00,693.00,782.00,776.00,861.00,829.00,784.00,856.00,821.00,740.00,777.00,768.00,754.00,725.00,701.00,690.00,671.00,698.00,638.00,710.00,676.00,661.00,614.00,697.00,713.00,752.00,767.00,765.00,828.00,933.00,979.00,906.00
Females,72 years,562.00,611.00,612.00,580.00,581.00,579.00,652.00,618.00,697.00,616.00,629.00,659.00,699.00,674.00,717.00,727.00,788.00,682.00,723.00,675.00,691.00,851.00,889.00,904.00,824.00,884.00,855.00,841.00,774.00,833.00,790.00,817.00,797.00,776.00,751.00,760.00,707.00,731.00,695.00,658.00,687.00,693.00,739.00,733.00,858.00,837.00,799.00,900.00,1056.00,1007.00
Females,73 years,589.00,585.00,639.00,653.00,653.00,673.00,665.00,654.00,664.00,667.00,718.00,766.00,706.00,799.00,770.00,757.00,811.00,797.00,762.00,729.00,765.00,781.00,931.00,971.00,934.00,931.00,1024.00,884.00,957.00,910.00,832.00,844.00,893.00,908.00,827.00,747.00,715.00,758.00,772.00,775.00,688.00,779.00,767.00,827.00,830.00,976.00,897.00,821.00,1029.00,1069.00
Females,74 years,629.00,624.00,646.00,702.00,708.00,620.00,690.00,688.00,729.00,723.00,686.00,752.00,759.00,761.00,817.00,835.00,818.00,871.00,902.00,831.00,771.00,790.00,793.00,983.00,990.00,986.00,1008.00,1010.00,1018.00,937.00,910.00,911.00,860.00,894.00,876.00,878.00,856.00,831.00,831.00,768.00,698.00,830.00,780.00,819.00,823.00,898.00,993.00,963.00,1010.00,1037.00
Females,75 years,666.00,677.00,686.00,700.00,722.00,704.00,682.00,689.00,797.00,768.00,735.00,735.00,768.00,770.00,862.00,866.00,904.00,881.00,927.00,877.00,865.00,885.00,888.00,815.00,1020.00,1102.00,1089.00,1072.00,1057.00,1078.00,1067.00,1022.00,975.00,928.00,960.00,928.00,871.00,903.00,809.00,893.00,838.00,854.00,833.00,896.00,857.00,884.00,995.00,938.00,1038.00,1000.00
Females,76 years,682.00,708.00,704.00,712.00,712.00,762.00,732.00,694.00,772.00,738.00,781.00,834.00,831.00,931.00,822.00,868.00,886.00,857.00,946.00,925.00,1019.00,989.00,993.00,907.00,849.00,1169.00,1133.00,1134.00,1126.00,1125.00,1140.00,1042.00,1043.00,1037.00,1006.00,1058.00,1007.00,1007.00,926.00,944.00,843.00,916.00,953.00,974.00,991.00,937.00,992.00,985.00,1073.00,1055.00
Females,77 years,701.00,753.00,743.00,749.00,773.00,693.00,760.00,730.00,790.00,795.00,788.00,862.00,807.00,840.00,894.00,922.00,904.00,949.00,926.00,970.00,958.00,1024.00,1030.00,979.00,967.00,1049.00,1197.00,1206.00,1301.00,1182.00,1169.00,1204.00,1229.00,1114.00,1152.00,1123.00,1084.00,987.00,978.00,1063.00,936.00,975.00,989.00,956.00,953.00,1010.00,1023.00,1077.00,1095.00,1127.00
Females,78 years,724.00,788.00,785.00,788.00,752.00,730.00,726.00,738.00,808.00,836.00,785.00,820.00,896.00,926.00,925.00,906.00,1024.00,952.00,1034.00,992.00,1051.00,1100.00,1167.00,1075.00,1069.00,1042.00,1033.00,1256.00,1253.00,1300.00,1206.00,1273.00,1297.00,1281.00,1225.00,1114.00,1116.00,1115.00,1138.00,1125.00,1101.00,1065.00,1003.00,1040.00,1035.00,1050.00,1137.00,1116.00,1171.00,1170.00
Females,79 years,726.00,758.00,812.00,804.00,784.00,769.00,800.00,774.00,816.00,804.00,798.00,893.00,903.00,944.00,918.00,968.00,973.00,983.00,1063.00,1000.00,1071.00,1135.00,1147.00,1188.00,1165.00,1148.00,1087.00,1155.00,1348.00,1320.00,1324.00,1383.00,1303.00,1364.00,1262.00,1299.00,1291.00,1215.00,1250.00,1281.00,1210.00,1128.00,1109.00,1145.00,1159.00,1184.00,1226.00,1146.00,1295.00,1228.00
Females,80 years,763.00,738.00,793.00,798.00,804.00,807.00,795.00,822.00,845.00,827.00,857.00,892.00,900.00,945.00,961.00,1024.00,961.00,1075.00,1055.00,1048.00,1069.00,1116.00,1226.00,1203.00,1250.00,1207.00,1178.00,1118.00,1187.00,1421.00,1326.00,1456.00,1367.00,1528.00,1350.00,1381.00,1316.00,1325.00,1217.00,1331.00,1232.00,1251.00,1238.00,1276.00,1200.00,1191.00,1229.00,1230.00,1316.00,1276.00
Females,81 years,757.00,799.00,788.00,812.00,794.00,775.00,868.00,801.00,849.00,854.00,946.00,924.00,875.00,971.00,954.00,973.00,1049.00,994.00,1062.00,1121.00,1071.00,1134.00,1229.00,1293.00,1213.00,1372.00,1268.00,1247.00,1176.00,1238.00,1387.00,1405.00,1512.00,1497.00,1470.00,1487.00,1487.00,1475.00,1403.00,1349.00,1358.00,1339.00,1302.00,1326.00,1233.00,1351.00,1377.00,1350.00,1449.00,1407.00
Females,82 years,748.00,822.00,827.00,836.00,825.00,836.00,867.00,810.00,828.00,922.00,897.00,945.00,911.00,939.00,984.00,1001.00,1085.00,1014.00,1054.00,1091.00,1079.00,1165.00,1201.00,1187.00,1398.00,1380.00,1389.00,1315.00,1251.00,1235.00,1279.00,1527.00,1518.00,1595.00,1488.00,1562.00,1553.00,1519.00,1427.00,1518.00,1426.00,1512.00,1486.00,1508.00,1450.00,1351.00,1480.00,1441.00,1484.00,1473.00
Females,83 years,729.00,805.00,854.00,815.00,788.00,818.00,834.00,776.00,904.00,919.00,877.00,920.00,893.00,941.00,926.00,992.00,1070.00,1089.00,1151.00,1036.00,1175.00,1117.00,1232.00,1317.00,1318.00,1345.00,1398.00,1444.00,1358.00,1337.00,1314.00,1342.00,1521.00,1630.00,1613.00,1671.00,1610.00,1599.00,1591.00,1587.00,1442.00,1505.00,1538.00,1575.00,1445.00,1516.00,1565.00,1556.00,1640.00,1555.00
Females,84 years,702.00,782.00,826.00,822.00,805.00,771.00,824.00,773.00,888.00,832.00,894.00,908.00,897.00,960.00,1007.00,913.00,1058.00,1106.00,1131.00,1136.00,1137.00,1171.00,1278.00,1219.00,1300.00,1363.00,1415.00,1473.00,1434.00,1412.00,1332.00,1347.00,1369.00,1699.00,1595.00,1746.00,1685.00,1677.00,1713.00,1678.00,1523.00,1622.00,1536.00,1566.00,1582.00,1630.00,1622.00,1568.00,1686.00,1611.00
Females,85 years,687.00,759.00,751.00,812.00,772.00,776.00,822.00,792.00,806.00,837.00,908.00,911.00,919.00,925.00,987.00,967.00,1042.00,979.00,1069.00,1018.00,1141.00,1112.00,1221.00,1296.00,1247.00,1310.00,1360.00,1389.00,1498.00,1483.00,1405.00,1429.00,1372.00,1441.00,1602.00,1770.00,1803.00,1738.00,1743.00,1733.00,1694.00,1582.00,1691.00,1685.00,1683.00,1702.00,1676.00,1695.00,1692.00,1835.00
Females,86 years,638.00,704.00,724.00,745.00,735.00,800.00,820.00,761.00,790.00,823.00,874.00,920.00,887.00,888.00,868.00,929.00,953.00,969.00,1024.00,1051.00,1136.00,1111.00,1221.00,1234.00,1273.00,1260.00,1353.00,1348.00,1397.00,1467.00,1429.00,1449.00,1472.00,1370.00,1389.00,1713.00,1848.00,1772.00,1698.00,1816.00,1719.00,1817.00,1730.00,1783.00,1710.00,1786.00,1821.00,1763.00,1842.00,1884.00
Females,87 years,582.00,637.00,689.00,682.00,667.00,660.00,743.00,678.00,777.00,793.00,733.00,801.00,790.00,894.00,863.00,904.00,1023.00,961.00,974.00,988.00,1068.00,1126.00,1143.00,1172.00,1244.00,1325.00,1349.00,1351.00,1326.00,1392.00,1435.00,1541.00,1427.00,1404.00,1396.00,1398.00,1831.00,1740.00,1703.00,1901.00,1802.00,1936.00,1891.00,1861.00,1810.00,1789.00,1949.00,1877.00,1965.00,2050.00
Females,88 years,515.00,604.00,610.00,635.00,609.00,608.00,669.00,668.00,710.00,685.00,681.00,763.00,766.00,805.00,874.00,818.00,937.00,941.00,943.00,958.00,986.00,1067.00,1065.00,1105.00,1127.00,1258.00,1322.00,1311.00,1308.00,1365.00,1389.00,1425.00,1481.00,1463.00,1373.00,1386.00,1464.00,1666.00,1728.00,1892.00,1779.00,1867.00,1851.00,1935.00,1731.00,1883.00,1944.00,1895.00,2088.00,2119.00
Females,89 years,473.00,530.00,546.00,594.00,581.00,562.00,596.00,584.00,654.00,628.00,690.00,681.00,748.00,757.00,849.00,808.00,933.00,873.00,878.00,930.00,972.00,1021.00,1038.00,1081.00,1123.00,1253.00,1195.00,1207.00,1219.00,1201.00,1344.00,1310.00,1379.00,1516.00,1383.00,1285.00,1402.00,1374.00,1616.00,1778.00,1815.00,1796.00,1886.00,1989.00,1883.00,1889.00,2020.00,1931.00,2076.00,2261.00
Females,90 years,..,..,..,..,..,..,..,..,..,..,..,..,..,..,..,..,..,..,..,..,..,..,..,..,..,..,..,..,..,..,1149.00,1218.00,1283.00,1410.00,1305.00,1363.00,1309.00,1326.00,1390.00,1750.00,1651.00,1767.00,1825.00,2001.00,1759.00,2011.00,1940.00,1947.00,2048.00,2165.00
Females,91 years,..,..,..,..,..,..,..,..,..,..,..,..,..,..,..,..,..,..,..,..,..,..,..,..,..,..,..,..,..,..,1117.00,1107.00,1165.00,1279.00,1287.00,1339.00,1287.00,1322.00,1234.00,1356.00,1568.00,1705.00,1700.00,1819.00,1786.00,1848.00,1916.00,1813.00,1959.00,2025.00
Females,92 years,..,..,..,..,..,..,..,..,..,..,..,..,..,..,..,..,..,..,..,..,..,..,..,..,..,..,..,..,..,..,967.00,1013.00,1019.00,1038.00,1087.00,1221.00,1188.00,1163.00,1232.00,1180.00,1173.00,1601.00,1637.00,1764.00,1672.00,1688.00,1883.00,1768.00,1868.00,1991.00
Females,93 years,..,..,..,..,..,..,..,..,..,..,..,..,..,..,..,..,..,..,..,..,..,..,..,..,..,..,..,..,..,..,807.00,836.00,853.00,942.00,924.00,1004.00,1055.00,1086.00,1057.00,1066.00,1093.00,1174.00,1395.00,1518.00,1433.00,1672.00,1766.00,1707.00,1792.00,1902.00
Females,94 years,..,..,..,..,..,..,..,..,..,..,..,..,..,..,..,..,..,..,..,..,..,..,..,..,..,..,..,..,..,..,742.00,748.00,767.00,802.00,805.00,827.00,940.00,919.00,955.00,937.00,992.00,963.00,995.00,1279.00,1309.00,1431.00,1543.00,1548.00,1580.00,1685.00
Females,95 years,..,..,..,..,..,..,..,..,..,..,..,..,..,..,..,..,..,..,..,..,..,..,..,..,..,..,..,..,..,..,595.00,590.00,654.00,684.00,694.00,678.00,765.00,804.00,825.00,870.00,873.00,905.00,823.00,942.00,1090.00,1274.00,1333.00,1315.00,1489.00,1515.00
Females,96 years,..,..,..,..,..,..,..,..,..,..,..,..,..,..,..,..,..,..,..,..,..,..,..,..,..,..,..,..,..,..,449.00,506.00,578.00,554.00,512.00,539.00,604.00,652.00,663.00,735.00,709.00,708.00,794.00,779.00,808.00,1025.00,1106.00,1166.00,1237.00,1367.00
Females,97 years,..,..,..,..,..,..,..,..,..,..,..,..,..,..,..,..,..,..,..,..,..,..,..,..,..,..,..,..,..,..,366.00,388.00,412.00,459.00,430.00,447.00,465.00,494.00,519.00,533.00,571.00,593.00,591.00,650.00,580.00,655.00,918.00,888.00,983.00,1081.00
Females,98 years,..,..,..,..,..,..,..,..,..,..,..,..,..,..,..,..,..,..,..,..,..,..,..,..,..,..,..,..,..,..,289.00,309.00,272.00,331.00,292.00,338.00,337.00,360.00,360.00,405.00,397.00,466.00,483.00,493.00,446.00,521.00,553.00,726.00,755.00,844.00
Females,99 years,..,..,..,..,..,..,..,..,..,..,..,..,..,..,..,..,..,..,..,..,..,..,..,..,..,..,..,..,..,..,197.00,212.00,230.00,224.00,220.00,239.00,249.00,251.00,261.00,265.00,310.00,327.00,356.00,409.00,355.00,392.00,470.00,419.00,597.00,628.00
Females,100 years and over,..,..,..,..,..,..,..,..,..,..,..,..,..,..,..,..,..,..,..,..,..,..,..,..,..,..,..,..,..,..,347.00,420.00,394.00,429.00,462.00,482.00,489.00,506.00,522.00,581.00,595.00,666.00,687.00,787.00,765.00,889.00,936.00,916.00,945.00,1105.00
